region,origin_id,origin_name,dest_id,dest_name,straight_m,option,distance_m,duration_s,crosswalk,big_crossings,stairs,underpass,underpass_m,origin_passage_m,overpass,elevator,slope,big_road_ratio
gangnam,1926,에이드동물병원,732,The Ark(디아크),440,recommended,551,455,2,1,0,0,0,0,0,0,0,0.69
gangnam,1926,에이드동물병원,732,The Ark(디아크),440,main_road,551,455,2,1,0,0,0,0,0,0,0,0.69
gangnam,1926,에이드동물병원,732,The Ark(디아크),440,no_stairs,551,455,2,1,0,0,0,0,0,0,0,0.69
gangnam,1926,에이드동물병원,2814,압구정동물의료센터,930,recommended,1091,866,3,1,0,0,0,0,0,0,0,0.86
gangnam,1926,에이드동물병원,2814,압구정동물의료센터,930,main_road,1091,866,3,1,0,0,0,0,0,0,0,0.86
gangnam,1926,에이드동물병원,2814,압구정동물의료센터,930,no_stairs,1091,866,3,1,0,0,0,0,0,0,0,0.86
gangnam,1926,에이드동물병원,4556,강남동물병원,1603,recommended,1723,1432,7,2,0,0,0,0,0,0,0,0.84
gangnam,1926,에이드동물병원,4556,강남동물병원,1603,main_road,1723,1432,7,2,0,0,0,0,0,0,0,0.84
gangnam,1926,에이드동물병원,4556,강남동물병원,1603,no_stairs,1723,1432,7,2,0,0,0,0,0,0,0,0.84
gangnam,4804,충현동물병원,4221,펫코도니아 동물의료센터,439,recommended,661,520,1,0,0,0,0,0,0,0,0,0.43
gangnam,4804,충현동물병원,4221,펫코도니아 동물의료센터,439,main_road,661,520,1,0,0,0,0,0,0,0,0,0.43
gangnam,4804,충현동물병원,4221,펫코도니아 동물의료센터,439,no_stairs,661,520,1,0,0,0,0,0,0,0,0,0.43
gangnam,4804,충현동물병원,77,엠에스동물안과병원,904,recommended,1260,928,1,1,0,0,0,0,0,0,0,0.81
gangnam,4804,충현동물병원,77,엠에스동물안과병원,904,main_road,1260,928,1,1,0,0,0,0,0,0,0,0.81
gangnam,4804,충현동물병원,77,엠에스동물안과병원,904,no_stairs,1260,928,1,1,0,0,0,0,0,0,0,0.81
gangnam,4804,충현동물병원,8239,유림동물안과병원,1610,recommended,2083,1633,4,4,0,0,0,0,0,0,0,0.45
gangnam,4804,충현동물병원,8239,유림동물안과병원,1610,main_road,2285,1777,5,3,0,0,0,0,0,0,0,0.94
gangnam,4804,충현동물병원,8239,유림동물안과병원,1610,no_stairs,2083,1633,4,4,0,0,0,0,0,0,0,0.45
gangnam,2390,24시OK동물병원,214,온숲 영상·외과 동물의료센터,473,recommended,499,443,3,1,0,0,0,0,0,0,0,0.63
gangnam,2390,24시OK동물병원,214,온숲 영상·외과 동물의료센터,473,main_road,499,443,3,1,0,0,0,0,0,0,0,0.63
gangnam,2390,24시OK동물병원,214,온숲 영상·외과 동물의료센터,473,no_stairs,499,443,3,1,0,0,0,0,0,0,0,0.63
gangnam,2390,24시OK동물병원,446,도곡 치유 동물병원,933,recommended,972,839,5,1,0,0,0,0,0,0,0,0.75
gangnam,2390,24시OK동물병원,446,도곡 치유 동물병원,933,main_road,972,839,5,1,0,0,0,0,0,0,0,0.75
gangnam,2390,24시OK동물병원,446,도곡 치유 동물병원,933,no_stairs,972,839,5,1,0,0,0,0,0,0,0,0.75
gangnam,2390,24시OK동물병원,1749,아이힐 동물병원,1601,recommended,1629,1367,7,1,0,0,0,0,0,0,0,0.83
gangnam,2390,24시OK동물병원,1749,아이힐 동물병원,1601,main_road,1629,1367,7,1,0,0,0,0,0,0,0,0.83
gangnam,2390,24시OK동물병원,1749,아이힐 동물병원,1601,no_stairs,1629,1367,7,1,0,0,0,0,0,0,0,0.83
gangnam,717,청담 고운 피부과 동물병원,897,라퓨클레르 동물피부클리닉,573,recommended,701,500,0,0,0,0,0,0,0,0,0,0.38
gangnam,717,청담 고운 피부과 동물병원,897,라퓨클레르 동물피부클리닉,573,main_road,701,500,0,0,0,0,0,0,0,0,0,0.38
gangnam,717,청담 고운 피부과 동물병원,897,라퓨클레르 동물피부클리닉,573,no_stairs,701,500,0,0,0,0,0,0,0,0,0,0.38
gangnam,717,청담 고운 피부과 동물병원,3118,굿모닝동물병원,1002,recommended,1325,1013,2,1,0,0,0,0,0,0,0,0.62
gangnam,717,청담 고운 피부과 동물병원,3118,굿모닝동물병원,1002,main_road,1451,1092,2,1,0,0,0,0,0,0,0,0.64
gangnam,717,청담 고운 피부과 동물병원,3118,굿모닝동물병원,1002,no_stairs,1325,1013,2,1,0,0,0,0,0,0,0,0.62
gangnam,717,청담 고운 피부과 동물병원,453,비비동물병원,1608,recommended,2161,1721,4,3,0,0,0,0,0,0,0,0.6
gangnam,717,청담 고운 피부과 동물병원,453,비비동물병원,1608,main_road,2534,1952,4,4,0,0,0,0,0,0,0,0.5
gangnam,717,청담 고운 피부과 동물병원,453,비비동물병원,1608,no_stairs,6501,5052,13,6,0,0,0,0,0,0,0,0.73
gangnam,1213,디아동물병원,1268,다랑동물병원,492,recommended,622,497,1,0,0,0,0,0,0,0,0,0.0
gangnam,1213,디아동물병원,1268,다랑동물병원,492,main_road,622,497,1,0,0,0,0,0,0,0,0,0.0
gangnam,1213,디아동물병원,1268,다랑동물병원,492,no_stairs,622,497,1,0,0,0,0,0,0,0,0,0.0
gangnam,1213,디아동물병원,4896,개포동물병원,927,recommended,1087,818,1,0,0,0,0,0,0,0,0,0.74
gangnam,1213,디아동물병원,4896,개포동물병원,927,main_road,1221,905,1,0,0,0,0,0,0,0,0,0.5
gangnam,1213,디아동물병원,4896,개포동물병원,927,no_stairs,1087,818,1,0,0,0,0,0,0,0,0,0.74
gangnam,1213,디아동물병원,5815,고려종합동물병원,1631,recommended,1920,1491,4,1,0,0,0,0,0,0,0,0.67
gangnam,1213,디아동물병원,5815,고려종합동물병원,1631,main_road,1920,1491,4,1,0,0,0,0,0,0,0,0.67
gangnam,1213,디아동물병원,5815,고려종합동물병원,1631,no_stairs,1920,1491,4,1,0,0,0,0,0,0,0,0.67
gangnam,95,클라리티 동물치과병원,4221,펫코도니아 동물의료센터,331,recommended,594,456,1,0,0,0,0,0,0,0,0,0.39
gangnam,95,클라리티 동물치과병원,4221,펫코도니아 동물의료센터,331,main_road,594,456,1,0,0,0,0,0,0,0,0,0.39
gangnam,95,클라리티 동물치과병원,4221,펫코도니아 동물의료센터,331,no_stairs,594,456,1,0,0,0,0,0,0,0,0,0.39
gangnam,95,클라리티 동물치과병원,1256,강남예치과동물병원,963,recommended,1212,1071,7,4,0,0,0,0,0,0,0,0.63
gangnam,95,클라리티 동물치과병원,1256,강남예치과동물병원,963,main_road,1212,1071,7,4,0,0,0,0,0,0,0,0.63
gangnam,95,클라리티 동물치과병원,1256,강남예치과동물병원,963,no_stairs,1212,1071,7,4,0,0,0,0,0,0,0,0.63
gangnam,95,클라리티 동물치과병원,2814,압구정동물의료센터,1632,recommended,1994,1656,8,2,0,0,0,0,0,0,0,0.84
gangnam,95,클라리티 동물치과병원,2814,압구정동물의료센터,1632,main_road,1994,1656,8,2,0,0,0,0,0,0,0,0.84
gangnam,95,클라리티 동물치과병원,2814,압구정동물의료센터,1632,no_stairs,1994,1656,8,2,0,0,0,0,0,0,0,0.84
gangnam,4104,래이동물의료센터,5815,고려종합동물병원,536,recommended,961,720,1,0,0,0,0,0,0,0,0,0.84
gangnam,4104,래이동물의료센터,5815,고려종합동물병원,536,main_road,961,720,1,0,0,0,0,0,0,0,0,0.84
gangnam,4104,래이동물의료센터,5815,고려종합동물병원,536,no_stairs,961,720,1,0,0,0,0,0,0,0,0,0.84
gangnam,4104,래이동물의료센터,370,내과동물병원 루미나,994,recommended,1439,1086,2,1,0,0,0,0,0,0,0,0.77
gangnam,4104,래이동물의료센터,370,내과동물병원 루미나,994,main_road,1439,1086,2,1,0,0,0,0,0,0,0,0.77
gangnam,4104,래이동물의료센터,370,내과동물병원 루미나,994,no_stairs,1439,1086,2,1,0,0,0,0,0,0,0,0.77
gangnam,4104,래이동물의료센터,7874,자연동물병원,1609,recommended,2041,1601,5,3,0,0,0,0,0,0,0,0.61
gangnam,4104,래이동물의료센터,7874,자연동물병원,1609,main_road,2041,1601,5,3,0,0,0,0,0,0,0,0.61
gangnam,4104,래이동물의료센터,7874,자연동물병원,1609,no_stairs,2041,1601,5,3,0,0,0,0,0,0,0,0.61
gangnam,2054,튼튼동물병원,3264,압구정웰동물병원,503,recommended,626,526,2,0,0,0,0,0,0,0,0,0.53
gangnam,2054,튼튼동물병원,3264,압구정웰동물병원,503,main_road,626,526,2,0,0,0,0,0,0,0,0,0.53
gangnam,2054,튼튼동물병원,3264,압구정웰동물병원,503,no_stairs,626,526,2,0,0,0,0,0,0,0,0,0.53
gangnam,2054,튼튼동물병원,3396,치료멍멍동물병원,930,recommended,1197,1044,6,4,0,0,0,0,0,0,0,0.44
gangnam,2054,튼튼동물병원,3396,치료멍멍동물병원,930,main_road,1197,1044,6,4,0,0,0,0,0,0,0,0.44
gangnam,2054,튼튼동물병원,3396,치료멍멍동물병원,930,no_stairs,1197,1044,6,4,0,0,0,0,0,0,0,0.44
gangnam,2054,튼튼동물병원,2440,더힐동물의료센터,1616,recommended,2621,2110,6,4,0,0,0,0,0,0,0,0.72
gangnam,2054,튼튼동물병원,2440,더힐동물의료센터,1616,main_road,2701,2142,5,2,0,0,0,0,0,0,0,0.64
gangnam,2054,튼튼동물병원,2440,더힐동물의료센터,1616,no_stairs,2621,2110,6,4,0,0,0,0,0,0,0,0.72
seongbuk,8213,중앙동물병원,1821,더편한동물병원,705,recommended,955,844,5,4,0,0,0,0,0,0,0,0.12
seongbuk,8213,중앙동물병원,1821,더편한동물병원,705,main_road,955,844,5,4,0,0,0,0,0,0,0,0.12
seongbuk,8213,중앙동물병원,1821,더편한동물병원,705,no_stairs,955,844,5,4,0,0,0,0,0,0,0,0.12
seongbuk,8213,중앙동물병원,5431,삼성동물병원,919,recommended,1345,1132,5,3,0,0,0,0,0,0,0,0.38
seongbuk,8213,중앙동물병원,5431,삼성동물병원,919,main_road,1702,1397,6,3,0,0,0,0,0,0,0,0.54
seongbuk,8213,중앙동물병원,5431,삼성동물병원,919,no_stairs,1345,1132,5,3,0,0,0,0,0,0,0,0.38
seongbuk,8213,중앙동물병원,509,아이튼튼동물병원,1607,recommended,1974,1642,8,4,0,0,0,0,0,0,0,0.92
seongbuk,8213,중앙동물병원,509,아이튼튼동물병원,1607,main_road,1974,1642,8,4,0,0,0,0,0,0,0,0.92
seongbuk,8213,중앙동물병원,509,아이튼튼동물병원,1607,no_stairs,1974,1642,8,4,0,0,0,0,0,0,0,0.92
seongbuk,3977,호담동물병원,2038,24시루시드동물메디컬센터,360,recommended,392,425,5,4,0,0,0,0,0,0,0,0.61
seongbuk,3977,호담동물병원,2038,24시루시드동물메디컬센터,360,main_road,392,425,5,4,0,0,0,0,0,0,0,0.61
seongbuk,3977,호담동물병원,2038,24시루시드동물메디컬센터,360,no_stairs,392,425,5,4,0,0,0,0,0,0,0,0.61
seongbuk,3977,호담동물병원,2802,스마트동물병원 성북길음점,918,recommended,1455,1199,6,3,0,0,0,0,0,0,0,0.74
seongbuk,3977,호담동물병원,2802,스마트동물병원 성북길음점,918,main_road,1455,1199,6,3,0,0,0,0,0,0,0,0.74
seongbuk,3977,호담동물병원,2802,스마트동물병원 성북길음점,918,no_stairs,1455,1199,6,3,0,0,0,0,0,0,0,0.74
seongbuk,3977,호담동물병원,1494,원러브동물의료센터,1634,recommended,2130,1801,8,2,0,0,0,0,0,0,0,0.58
seongbuk,3977,호담동물병원,1494,원러브동물의료센터,1634,main_road,2404,1911,6,2,0,0,0,0,0,0,0,0.54
seongbuk,3977,호담동물병원,1494,원러브동물의료센터,1634,no_stairs,2130,1801,8,2,0,0,0,0,0,0,0,0.58
seongbuk,5466,보성통증동물병원,3636,카카오 N 동물병원,828,recommended,1426,1146,3,3,0,0,0,0,0,0,0,0.08
seongbuk,5466,보성통증동물병원,3636,카카오 N 동물병원,828,main_road,2005,1471,1,1,0,0,0,0,0,0,0,0.08
seongbuk,5466,보성통증동물병원,3636,카카오 N 동물병원,828,no_stairs,1426,1146,3,3,0,0,0,0,0,0,0,0.08
seongbuk,5466,보성통증동물병원,5431,삼성동물병원,1068,recommended,1876,1477,3,3,0,0,0,0,0,0,0,0.2
seongbuk,5466,보성통증동물병원,5431,삼성동물병원,1068,main_road,2037,1581,3,3,0,0,0,0,0,0,0,0.16
seongbuk,5466,보성통증동물병원,5431,삼성동물병원,1068,no_stairs,1876,1477,3,3,0,0,0,0,0,0,0,0.2
seongbuk,5466,보성통증동물병원,3977,호담동물병원,1743,recommended,2521,2036,8,1,0,0,0,0,0,0,0,0.62
seongbuk,5466,보성통증동물병원,3977,호담동물병원,1743,main_road,2530,2041,8,1,0,0,0,0,0,0,0,0.62
seongbuk,5466,보성통증동물병원,3977,호담동물병원,1743,no_stairs,2521,2036,8,1,0,0,0,0,0,0,0,0.62
seongbuk,6912,길음동물병원,5461,ZOO동물병원,383,recommended,659,598,4,2,0,0,0,0,0,0,0,0.7
seongbuk,6912,길음동물병원,5461,ZOO동물병원,383,main_road,659,598,4,2,0,0,0,0,0,0,0,0.7
seongbuk,6912,길음동물병원,5461,ZOO동물병원,383,no_stairs,659,598,4,2,0,0,0,0,0,0,0,0.7
seongbuk,6912,길음동물병원,5302,우리동물병원,903,recommended,1028,802,3,1,0,0,0,0,0,0,0,0.83
seongbuk,6912,길음동물병원,5302,우리동물병원,903,main_road,1028,802,3,1,0,0,0,0,0,0,0,0.83
seongbuk,6912,길음동물병원,5302,우리동물병원,903,no_stairs,1028,802,3,1,0,0,0,0,0,0,0,0.83
seongbuk,6912,길음동물병원,1242,아이사랑동물병원 건강검진센터,1608,recommended,1760,1362,4,2,0,0,0,0,0,0,0,0.83
seongbuk,6912,길음동물병원,1242,아이사랑동물병원 건강검진센터,1608,main_road,1794,1382,4,2,0,0,0,0,0,0,0,0.88
seongbuk,6912,길음동물병원,1242,아이사랑동물병원 건강검진센터,1608,no_stairs,1760,1362,4,2,0,0,0,0,0,0,0,0.83
seongbuk,3193,넬 동물의료센터,6853,창문동물병원,310,recommended,428,334,1,0,0,0,0,0,0,0,0,0.93
seongbuk,3193,넬 동물의료센터,6853,창문동물병원,310,main_road,428,334,1,0,0,0,0,0,0,0,0,0.93
seongbuk,3193,넬 동물의료센터,6853,창문동물병원,310,no_stairs,428,334,1,0,0,0,0,0,0,0,0,0.93
seongbuk,3193,넬 동물의료센터,4864,쓰담쓰담 동물병원,977,recommended,1280,1040,3,2,0,0,0,0,0,0,0,0.55
seongbuk,3193,넬 동물의료센터,4864,쓰담쓰담 동물병원,977,main_road,1418,1190,5,4,0,0,0,0,0,0,0,0.59
seongbuk,3193,넬 동물의료센터,4864,쓰담쓰담 동물병원,977,no_stairs,1280,1040,3,2,0,0,0,0,0,0,0,0.55
seongbuk,3193,넬 동물의료센터,5461,ZOO동물병원,1620,recommended,2205,1864,10,4,0,0,0,0,0,0,0,0.84
seongbuk,3193,넬 동물의료센터,5461,ZOO동물병원,1620,main_road,2205,1864,10,4,0,0,0,0,0,0,0,0.84
seongbuk,3193,넬 동물의료센터,5461,ZOO동물병원,1620,no_stairs,2205,1864,10,4,0,0,0,0,0,0,0,0.84
seongbuk,5302,우리동물병원,2802,스마트동물병원 성북길음점,350,recommended,562,501,3,2,0,0,0,0,0,0,0,0.13
seongbuk,5302,우리동물병원,2802,스마트동물병원 성북길음점,350,main_road,562,501,3,2,0,0,0,0,0,0,0,0.13
seongbuk,5302,우리동물병원,2802,스마트동물병원 성북길음점,350,no_stairs,562,501,3,2,0,0,0,0,0,0,0,0.13
seongbuk,5302,우리동물병원,6912,길음동물병원,903,recommended,1028,802,3,1,0,0,0,0,0,0,0,0.83
seongbuk,5302,우리동물병원,6912,길음동물병원,903,main_road,1028,802,3,1,0,0,0,0,0,0,0,0.83
seongbuk,5302,우리동물병원,6912,길음동물병원,903,no_stairs,1028,802,3,1,0,0,0,0,0,0,0,0.83
seongbuk,5302,우리동물병원,4056,봉식동물병원,1704,recommended,1772,1382,4,3,0,0,0,0,0,0,0,0.96
seongbuk,5302,우리동물병원,4056,봉식동물병원,1704,main_road,1772,1382,4,3,0,0,0,0,0,0,0,0.96
seongbuk,5302,우리동물병원,4056,봉식동물병원,1704,no_stairs,1772,1382,4,3,0,0,0,0,0,0,0,0.96
seongbuk,5728,미소동물병원,3672,도담도담동물병원,659,recommended,1076,922,5,4,0,0,0,0,0,0,0,0.34
seongbuk,5728,미소동물병원,3672,도담도담동물병원,659,main_road,1074,920,5,4,0,0,0,0,0,0,0,0.33
seongbuk,5728,미소동물병원,3672,도담도담동물병원,659,no_stairs,1076,922,5,4,0,0,0,0,0,0,0,0.34
seongbuk,5728,미소동물병원,6912,길음동물병원,1052,recommended,1564,1328,7,1,0,0,0,0,0,0,0,0.8
seongbuk,5728,미소동물병원,6912,길음동물병원,1052,main_road,1564,1328,7,1,0,0,0,0,0,0,0,0.8
seongbuk,5728,미소동물병원,6912,길음동물병원,1052,no_stairs,1564,1328,7,1,0,0,0,0,0,0,0,0.8
seongbuk,5728,미소동물병원,1837,성신동물병원,1648,recommended,2688,2085,5,4,0,0,0,0,0,0,0,0.29
seongbuk,5728,미소동물병원,1837,성신동물병원,1648,main_road,2859,2217,6,5,0,0,0,0,0,0,0,0.33
seongbuk,5728,미소동물병원,1837,성신동물병원,1648,no_stairs,2688,2085,5,4,0,0,0,0,0,0,0,0.29
seongbuk,7816,푸른종합동물병원,425,청량리 슬기 동물병원,564,recommended,647,548,3,1,0,0,0,0,0,0,0,0.88
seongbuk,7816,푸른종합동물병원,425,청량리 슬기 동물병원,564,main_road,647,548,3,1,0,0,0,0,0,0,0,0.88
seongbuk,7816,푸른종합동물병원,425,청량리 슬기 동물병원,564,no_stairs,647,548,3,1,0,0,0,0,0,0,0,0.88
seongbuk,7816,푸른종합동물병원,1,토닥토닥동물병원,1070,recommended,1367,1194,6,4,0,1,99,0,0,0,0,0.61
seongbuk,7816,푸른종합동물병원,1,토닥토닥동물병원,1070,main_road,1443,1270,7,5,0,1,98,0,0,0,0,0.65
seongbuk,7816,푸른종합동물병원,1,토닥토닥동물병원,1070,no_stairs,1835,1484,6,5,0,0,0,0,0,0,0,0.66
seongbuk,7816,푸른종합동물병원,7819,애니케어동물병원,1676,recommended,2037,1612,5,2,0,0,0,0,0,0,0,0.64
seongbuk,7816,푸른종합동물병원,7819,애니케어동물병원,1676,main_road,2146,1677,5,2,0,0,0,0,0,0,0,0.76
seongbuk,7816,푸른종합동물병원,7819,애니케어동물병원,1676,no_stairs,2037,1612,5,2,0,0,0,0,0,0,0,0.64
yeongdeungpo,51,서울 스템셀 동물병원,26,24시여의동물의료센터,564,recommended,852,695,3,3,0,0,0,0,0,0,0,0.63
yeongdeungpo,51,서울 스템셀 동물병원,26,24시여의동물의료센터,564,main_road,852,695,3,3,0,0,0,0,0,0,0,0.63
yeongdeungpo,51,서울 스템셀 동물병원,26,24시여의동물의료센터,564,no_stairs,852,695,3,3,0,0,0,0,0,0,0,0.63
yeongdeungpo,51,서울 스템셀 동물병원,3020,경인동물의료센터,943,recommended,1328,1211,8,6,0,0,0,0,0,0,0,0.74
yeongdeungpo,51,서울 스템셀 동물병원,3020,경인동물의료센터,943,main_road,1328,1211,8,6,0,0,0,0,0,0,0,0.74
yeongdeungpo,51,서울 스템셀 동물병원,3020,경인동물의료센터,943,no_stairs,1328,1211,8,6,0,0,0,0,0,0,0,0.74
yeongdeungpo,51,서울 스템셀 동물병원,1874,러브펫 동물병원,1664,recommended,2435,2221,14,12,0,0,0,0,0,0,0,0.64
yeongdeungpo,51,서울 스템셀 동물병원,1874,러브펫 동물병원,1664,main_road,2487,2249,14,12,0,0,0,0,0,0,0,0.63
yeongdeungpo,51,서울 스템셀 동물병원,1874,러브펫 동물병원,1664,no_stairs,2435,2221,14,12,0,0,0,0,0,0,0,0.64
yeongdeungpo,3020,경인동물의료센터,3872,한가람동물의료센터,728,recommended,885,779,5,4,0,0,0,0,0,0,0,0.9
yeongdeungpo,3020,경인동물의료센터,3872,한가람동물의료센터,728,main_road,885,779,5,4,0,0,0,0,0,0,0,0.9
yeongdeungpo,3020,경인동물의료센터,3872,한가람동물의료센터,728,no_stairs,885,779,5,4,0,0,0,0,0,0,0,0.9
yeongdeungpo,3020,경인동물의료센터,51,서울 스템셀 동물병원,943,recommended,1328,1211,9,7,0,0,0,0,0,0,0,0.4
yeongdeungpo,3020,경인동물의료센터,51,서울 스템셀 동물병원,943,main_road,1328,1211,9,7,0,0,0,0,0,0,0,0.4
yeongdeungpo,3020,경인동물의료센터,51,서울 스템셀 동물병원,943,no_stairs,1328,1211,9,7,0,0,0,0,0,0,0,0.4
yeongdeungpo,3020,경인동물의료센터,795,신길S동물의료센터,1639,recommended,1893,1485,3,1,0,1,73,0,0,0,0,0.85
yeongdeungpo,3020,경인동물의료센터,795,신길S동물의료센터,1639,main_road,1894,1511,4,1,0,1,73,0,0,0,0,0.9
yeongdeungpo,3020,경인동물의료센터,795,신길S동물의료센터,1639,no_stairs,2545,1968,5,3,0,0,0,0,0,0,0,0.87
yeongdeungpo,4113,벨라동물병원,1381,24시 신도림S동물의료센터,696,recommended,1179,975,2,1,0,1,81,0,0,0,0,0.25
yeongdeungpo,4113,벨라동물병원,1381,24시 신도림S동물의료센터,696,main_road,1179,975,2,1,0,1,81,0,0,0,0,0.25
yeongdeungpo,4113,벨라동물병원,1381,24시 신도림S동물의료센터,696,no_stairs,2449,2219,13,8,0,0,0,0,0,0,0,0.24
yeongdeungpo,4113,벨라동물병원,1668,구로다나은동물병원,906,recommended,1059,1005,7,4,0,1,81,0,0,0,0,0.64
yeongdeungpo,4113,벨라동물병원,1668,구로다나은동물병원,906,main_road,1059,1005,7,4,0,1,81,0,0,0,0,0.64
yeongdeungpo,4113,벨라동물병원,1668,구로다나은동물병원,906,no_stairs,3419,2937,14,9,0,0,0,0,0,0,0,0.18
yeongdeungpo,4113,벨라동물병원,795,신길S동물의료센터,1675,recommended,2097,1871,11,4,0,0,0,0,0,0,0,0.62
yeongdeungpo,4113,벨라동물병원,795,신길S동물의료센터,1675,main_road,2154,1931,12,6,0,0,0,0,0,0,0,0.75
yeongdeungpo,4113,벨라동물병원,795,신길S동물의료센터,1675,no_stairs,2097,1871,11,4,0,0,0,0,0,0,0,0.62
yeongdeungpo,4858,온누리 종합동물병원,2781,아람동물병원,376,recommended,414,326,1,1,0,0,0,0,0,0,0,0.44
yeongdeungpo,4858,온누리 종합동물병원,2781,아람동물병원,376,main_road,414,326,1,1,0,0,0,0,0,0,0,0.44
yeongdeungpo,4858,온누리 종합동물병원,2781,아람동물병원,376,no_stairs,414,326,1,1,0,0,0,0,0,0,0,0.44
yeongdeungpo,4858,온누리 종합동물병원,795,신길S동물의료센터,1004,recommended,1024,802,2,1,0,0,0,0,0,0,0,0.78
yeongdeungpo,4858,온누리 종합동물병원,795,신길S동물의료센터,1004,main_road,1024,802,2,1,0,0,0,0,0,0,0,0.78
yeongdeungpo,4858,온누리 종합동물병원,795,신길S동물의료센터,1004,no_stairs,1082,888,4,1,0,0,0,0,0,0,0,0.86
yeongdeungpo,4858,온누리 종합동물병원,4123,도그플러스동물병원,1644,recommended,2049,1907,13,10,0,1,187,0,0,0,0,0.32
yeongdeungpo,4858,온누리 종합동물병원,4123,도그플러스동물병원,1644,main_road,2656,2246,11,6,0,1,77,0,0,0,0,0.59
yeongdeungpo,4858,온누리 종합동물병원,4123,도그플러스동물병원,1644,no_stairs,3228,2741,15,12,0,0,0,0,0,0,0,0.43
yeongdeungpo,1874,러브펫 동물병원,4123,도그플러스동물병원,668,recommended,754,745,6,2,0,0,0,0,0,0,0,0.43
yeongdeungpo,1874,러브펫 동물병원,4123,도그플러스동물병원,668,main_road,754,745,6,2,0,0,0,0,0,0,0,0.43
yeongdeungpo,1874,러브펫 동물병원,4123,도그플러스동물병원,668,no_stairs,754,745,6,2,0,0,0,0,0,0,0,0.43
yeongdeungpo,1874,러브펫 동물병원,4858,온누리 종합동물병원,1035,recommended,1431,1325,7,4,0,1,187,0,0,0,0,0.48
yeongdeungpo,1874,러브펫 동물병원,4858,온누리 종합동물병원,1035,main_road,2090,1693,5,3,0,1,77,0,0,0,0,0.46
yeongdeungpo,1874,러브펫 동물병원,4858,온누리 종합동물병원,1035,no_stairs,2609,2160,9,8,0,0,0,0,0,0,0,0.63
yeongdeungpo,1874,러브펫 동물병원,7097,신도림동물병원,1619,recommended,1958,1640,7,2,0,0,0,0,0,0,0,0.79
yeongdeungpo,1874,러브펫 동물병원,7097,신도림동물병원,1619,main_road,1958,1640,7,2,0,0,0,0,0,0,0,0.79
yeongdeungpo,1874,러브펫 동물병원,7097,신도림동물병원,1619,no_stairs,1958,1640,7,2,0,0,0,0,0,0,0,0.79
yeongdeungpo,2657,이든동물의료센터,3713,미소로동물병원,398,recommended,431,366,2,1,0,0,0,0,0,0,0,0.88
yeongdeungpo,2657,이든동물의료센터,3713,미소로동물병원,398,main_road,431,366,2,1,0,0,0,0,0,0,0,0.88
yeongdeungpo,2657,이든동물의료센터,3713,미소로동물병원,398,no_stairs,431,366,2,1,0,0,0,0,0,0,0,0.88
yeongdeungpo,2657,이든동물의료센터,26,24시여의동물의료센터,1387,recommended,2212,1795,7,6,0,0,0,0,0,0,0,0.73
yeongdeungpo,2657,이든동물의료센터,26,24시여의동물의료센터,1387,main_road,2212,1795,7,6,0,0,0,0,0,0,0,0.73
yeongdeungpo,2657,이든동물의료센터,26,24시여의동물의료센터,1387,no_stairs,3627,2863,9,7,0,0,0,0,0,0,0,0.72
yeongdeungpo,2657,이든동물의료센터,2199,24시 수 동물메디컬센터,1635,recommended,2194,1740,7,4,0,0,0,0,0,0,0,0.66
yeongdeungpo,2657,이든동물의료센터,2199,24시 수 동물메디컬센터,1635,main_road,2194,1740,7,4,0,0,0,0,0,0,0,0.66
yeongdeungpo,2657,이든동물의료센터,2199,24시 수 동물메디컬센터,1635,no_stairs,2194,1740,7,4,0,0,0,0,0,0,0,0.66
yeongdeungpo,1896,캣앤캣 고양이 병원,5857,애드펫동물병원,484,recommended,570,503,3,0,0,0,0,0,0,0,0,0.74
yeongdeungpo,1896,캣앤캣 고양이 병원,5857,애드펫동물병원,484,main_road,599,520,3,0,0,0,0,0,0,0,0,0.73
yeongdeungpo,1896,캣앤캣 고양이 병원,5857,애드펫동물병원,484,no_stairs,570,503,3,0,0,0,0,0,0,0,0,0.74
yeongdeungpo,1896,캣앤캣 고양이 병원,2120,그림책 읽어주는 동물병원,1097,recommended,1645,1323,5,4,0,0,0,0,0,0,0,0.82
yeongdeungpo,1896,캣앤캣 고양이 병원,2120,그림책 읽어주는 동물병원,1097,main_road,1645,1323,5,4,0,0,0,0,0,0,0,0.82
yeongdeungpo,1896,캣앤캣 고양이 병원,2120,그림책 읽어주는 동물병원,1097,no_stairs,1645,1323,5,4,0,0,0,0,0,0,0,0.82
yeongdeungpo,1896,캣앤캣 고양이 병원,1381,24시 신도림S동물의료센터,1617,recommended,2178,1879,11,5,0,0,0,0,0,0,0,0.63
yeongdeungpo,1896,캣앤캣 고양이 병원,1381,24시 신도림S동물의료센터,1617,main_road,2178,1879,11,5,0,0,0,0,0,0,0,0.63
yeongdeungpo,1896,캣앤캣 고양이 병원,1381,24시 신도림S동물의료센터,1617,no_stairs,2178,1879,11,5,0,0,0,0,0,0,0,0.63
yeongdeungpo,282,동물의료센터24인치,1928,라이프 동물병원,300,recommended,513,431,2,1,0,0,0,0,0,0,0,0.37
yeongdeungpo,282,동물의료센터24인치,1928,라이프 동물병원,300,main_road,513,431,2,1,0,0,0,0,0,0,0,0.37
yeongdeungpo,282,동물의료센터24인치,1928,라이프 동물병원,300,no_stairs,513,431,2,1,0,0,0,0,0,0,0,0.37
yeongdeungpo,282,동물의료센터24인치,3872,한가람동물의료센터,1076,recommended,1426,1107,3,2,0,0,0,0,0,0,0,0.45
yeongdeungpo,282,동물의료센터24인치,3872,한가람동물의료센터,1076,main_road,1412,1124,4,3,0,0,0,0,0,0,0,0.43
yeongdeungpo,282,동물의료센터24인치,3872,한가람동물의료센터,1076,no_stairs,1426,1107,3,2,0,0,0,0,0,0,0,0.45
yeongdeungpo,282,동물의료센터24인치,4356,왈츠동물병원,1616,recommended,1759,1459,7,3,0,0,0,0,0,0,0,0.72
yeongdeungpo,282,동물의료센터24인치,4356,왈츠동물병원,1616,main_road,1759,1459,7,3,0,0,0,0,0,0,0,0.72
yeongdeungpo,282,동물의료센터24인치,4356,왈츠동물병원,1616,no_stairs,1759,1459,7,3,0,0,0,0,0,0,0,0.72
busan_dongnae,8013,동양축산병원,3622,훈 동물병원,422,recommended,454,383,2,0,0,0,0,0,0,0,0,0.9
busan_dongnae,8013,동양축산병원,3622,훈 동물병원,422,main_road,454,383,2,0,0,0,0,0,0,0,0,0.9
busan_dongnae,8013,동양축산병원,3622,훈 동물병원,422,no_stairs,454,383,2,0,0,0,0,0,0,0,0,0.9
busan_dongnae,8013,동양축산병원,8769,재생동물병원,962,recommended,1117,895,3,2,0,0,0,0,0,0,0,0.3
busan_dongnae,8013,동양축산병원,8769,재생동물병원,962,main_road,1117,895,3,2,0,0,0,0,0,0,0,0.3
busan_dongnae,8013,동양축산병원,8769,재생동물병원,962,no_stairs,1117,895,3,2,0,0,0,0,0,0,0,0.3
busan_dongnae,8013,동양축산병원,4233,레알피부전문동물병원,1661,recommended,2317,1828,5,3,0,0,0,0,0,0,0,0.5
busan_dongnae,8013,동양축산병원,4233,레알피부전문동물병원,1661,main_road,2317,1828,5,3,0,0,0,0,0,0,0,0.5
busan_dongnae,8013,동양축산병원,4233,레알피부전문동물병원,1661,no_stairs,2317,1828,5,3,0,0,0,0,0,0,0,0.5
busan_dongnae,3666,학산동물병원,3015,유성준동물병원,376,recommended,625,549,3,0,0,0,0,0,0,0,0,0.01
busan_dongnae,3666,학산동물병원,3015,유성준동물병원,376,main_road,815,679,3,0,0,0,0,0,0,0,0,0.01
busan_dongnae,3666,학산동물병원,3015,유성준동물병원,376,no_stairs,625,549,3,0,0,0,0,0,0,0,0,0.01
busan_dongnae,3666,학산동물병원,2343,온천천동물병원,1057,recommended,1292,1123,6,4,0,0,0,0,0,0,0,0.28
busan_dongnae,3666,학산동물병원,2343,온천천동물병원,1057,main_road,1499,1314,8,5,0,0,0,0,0,0,0,0.23
busan_dongnae,3666,학산동물병원,2343,온천천동물병원,1057,no_stairs,1292,1123,6,4,0,0,0,0,0,0,0,0.28
busan_dongnae,3666,학산동물병원,994,온정동물병원,1629,recommended,1920,1685,10,7,0,0,0,0,0,0,0,0.45
busan_dongnae,3666,학산동물병원,994,온정동물병원,1629,main_road,1920,1685,10,7,0,0,0,0,0,0,0,0.45
busan_dongnae,3666,학산동물병원,994,온정동물병원,1629,no_stairs,1920,1685,10,7,0,0,0,0,0,0,0,0.45
busan_dongnae,2223,노블동물병원,2777,온천동물병원,450,recommended,500,387,1,1,0,0,0,0,0,0,0,0.93
busan_dongnae,2223,노블동물병원,2777,온천동물병원,450,main_road,500,387,1,1,0,0,0,0,0,0,0,0.93
busan_dongnae,2223,노블동물병원,2777,온천동물병원,450,no_stairs,500,387,1,1,0,0,0,0,0,0,0,0.93
busan_dongnae,2223,노블동물병원,1122,부산 리브동물의료센터,1182,recommended,1546,1354,8,8,0,0,0,0,0,0,0,0.62
busan_dongnae,2223,노블동물병원,1122,부산 리브동물의료센터,1182,main_road,1546,1354,8,8,0,0,0,0,0,0,0,0.62
busan_dongnae,2223,노블동물병원,1122,부산 리브동물의료센터,1182,no_stairs,1546,1354,8,8,0,0,0,0,0,0,0,0.62
busan_dongnae,2223,노블동물병원,2343,온천천동물병원,1605,recommended,2311,1936,9,7,0,0,0,0,0,0,0,0.89
busan_dongnae,2223,노블동물병원,2343,온천천동물병원,1605,main_road,2311,1936,9,7,0,0,0,0,0,0,0,0.89
busan_dongnae,2223,노블동물병원,2343,온천천동물병원,1605,no_stairs,2311,1936,9,7,0,0,0,0,0,0,0,0.89
busan_dongnae,1782,귀나은 귀전문 동물의료센터,2777,온천동물병원,723,recommended,779,645,3,3,0,0,0,0,0,0,0,0.88
busan_dongnae,1782,귀나은 귀전문 동물의료센터,2777,온천동물병원,723,main_road,779,645,3,3,0,0,0,0,0,0,0,0.88
busan_dongnae,1782,귀나은 귀전문 동물의료센터,2777,온천동물병원,723,no_stairs,779,645,3,3,0,0,0,0,0,0,0,0.88
busan_dongnae,1782,귀나은 귀전문 동물의료센터,4697,부산동물메디컬센터,1277,recommended,1734,1426,7,6,0,0,0,0,0,0,0,0.82
busan_dongnae,1782,귀나은 귀전문 동물의료센터,4697,부산동물메디컬센터,1277,main_road,1734,1426,7,6,0,0,0,0,0,0,0,0.82
busan_dongnae,1782,귀나은 귀전문 동물의료센터,4697,부산동물메디컬센터,1277,no_stairs,1734,1426,7,6,0,0,0,0,0,0,0,0.82
busan_dongnae,1782,귀나은 귀전문 동물의료센터,8907,거제동물병원,1670,recommended,1937,1800,15,14,0,0,0,0,0,0,0,0.76
busan_dongnae,1782,귀나은 귀전문 동물의료센터,8907,거제동물병원,1670,main_road,1937,1800,15,14,0,0,0,0,0,0,0,0.76
busan_dongnae,1782,귀나은 귀전문 동물의료센터,8907,거제동물병원,1670,no_stairs,1937,1800,15,14,0,0,0,0,0,0,0,0.76
busan_dongnae,2777,온천동물병원,2223,노블동물병원,450,recommended,500,387,1,1,0,0,0,0,0,0,0,0.93
busan_dongnae,2777,온천동물병원,2223,노블동물병원,450,main_road,500,387,1,1,0,0,0,0,0,0,0,0.93
busan_dongnae,2777,온천동물병원,2223,노블동물병원,450,no_stairs,500,387,1,1,0,0,0,0,0,0,0,0.93
busan_dongnae,2777,온천동물병원,5368,자연동물병원,940,recommended,1036,811,2,1,0,0,0,0,0,0,0,0.71
busan_dongnae,2777,온천동물병원,5368,자연동물병원,940,main_road,1036,811,2,1,0,0,0,0,0,0,0,0.71
busan_dongnae,2777,온천동물병원,5368,자연동물병원,940,no_stairs,1036,811,2,1,0,0,0,0,0,0,0,0.71
busan_dongnae,2777,온천동물병원,8026,한사랑동물병원,1619,recommended,1987,1704,8,7,0,0,0,0,0,0,0,0.5
busan_dongnae,2777,온천동물병원,8026,한사랑동물병원,1619,main_road,2127,1839,10,9,0,0,0,0,0,0,0,0.73
busan_dongnae,2777,온천동물병원,8026,한사랑동물병원,1619,no_stairs,1987,1704,8,7,0,0,0,0,0,0,0,0.5
busan_dongnae,1264,사직동물의료센터,2223,노블동물병원,479,recommended,538,415,1,1,0,0,0,0,0,0,0,0.9
busan_dongnae,1264,사직동물의료센터,2223,노블동물병원,479,main_road,538,415,1,1,0,0,0,0,0,0,0,0.9
busan_dongnae,1264,사직동물의료센터,2223,노블동물병원,479,no_stairs,538,415,1,1,0,0,0,0,0,0,0,0.9
busan_dongnae,1264,사직동물의료센터,5368,자연동물병원,963,recommended,1073,839,2,1,0,0,0,0,0,0,0,0.7
busan_dongnae,1264,사직동물의료센터,5368,자연동물병원,963,main_road,1073,839,2,1,0,0,0,0,0,0,0,0.7
busan_dongnae,1264,사직동물의료센터,5368,자연동물병원,963,no_stairs,1073,839,2,1,0,0,0,0,0,0,0,0.7
busan_dongnae,1264,사직동물의료센터,8026,한사랑동물병원,1612,recommended,1986,1705,8,7,0,0,0,0,0,0,0,0.49
busan_dongnae,1264,사직동물의료센터,8026,한사랑동물병원,1612,main_road,2126,1839,10,9,0,0,0,0,0,0,0,0.72
busan_dongnae,1264,사직동물의료센터,8026,한사랑동물병원,1612,no_stairs,1986,1705,8,7,0,0,0,0,0,0,0,0.49
busan_dongnae,8509,청조동물병원,5087,피정현 동물병원,568,recommended,712,640,4,3,0,0,0,0,0,0,0,0.63
busan_dongnae,8509,청조동물병원,5087,피정현 동물병원,568,main_road,712,640,4,3,0,0,0,0,0,0,0,0.63
busan_dongnae,8509,청조동물병원,5087,피정현 동물병원,568,no_stairs,712,640,4,3,0,0,0,0,0,0,0,0.63
busan_dongnae,8509,청조동물병원,3991,뉴욕동물병원,1013,recommended,1359,1161,6,6,0,0,0,0,0,0,0,0.52
busan_dongnae,8509,청조동물병원,3991,뉴욕동물병원,1013,main_road,1359,1161,6,6,0,0,0,0,0,0,0,0.52
busan_dongnae,8509,청조동물병원,3991,뉴욕동물병원,1013,no_stairs,1359,1161,6,6,0,0,0,0,0,0,0,0.52
busan_dongnae,8509,청조동물병원,2261,진석범동물병원,1679,recommended,1828,1411,1,0,0,0,0,0,0,0,0,0.15
busan_dongnae,8509,청조동물병원,2261,진석범동물병원,1679,main_road,2120,1632,3,2,0,0,0,0,0,0,0,0.44
busan_dongnae,8509,청조동물병원,2261,진석범동물병원,1679,no_stairs,1828,1411,1,0,0,0,0,0,0,0,0,0.15
busan_dongnae,1408,24시 리본동물의료센터,3635,스카이동물병원,363,recommended,460,423,3,3,0,0,0,0,0,0,0,0.58
busan_dongnae,1408,24시 리본동물의료센터,3635,스카이동물병원,363,main_road,460,423,3,3,0,0,0,0,0,0,0,0.58
busan_dongnae,1408,24시 리본동물의료센터,3635,스카이동물병원,363,no_stairs,460,423,3,3,0,0,0,0,0,0,0,0.58
busan_dongnae,1408,24시 리본동물의료센터,1418,헤아림동물병원,913,recommended,919,790,4,3,0,0,0,0,0,0,0,0.9
busan_dongnae,1408,24시 리본동물의료센터,1418,헤아림동물병원,913,main_road,919,790,4,3,0,0,0,0,0,0,0,0.9
busan_dongnae,1408,24시 리본동물의료센터,1418,헤아림동물병원,913,no_stairs,919,790,4,3,0,0,0,0,0,0,0,0.9
busan_dongnae,1408,24시 리본동물의료센터,4233,레알피부전문동물병원,1634,recommended,1988,1682,8,6,0,0,0,0,0,0,0,0.91
busan_dongnae,1408,24시 리본동물의료센터,4233,레알피부전문동물병원,1634,main_road,1988,1682,8,6,0,0,0,0,0,0,0,0.91
busan_dongnae,1408,24시 리본동물의료센터,4233,레알피부전문동물병원,1634,no_stairs,1988,1682,8,6,0,0,0,0,0,0,0,0.91
